customer_id,customer_location,customer_gender
1,Los Angeles,Female
2,San Antonio,Male
3,San Diego,NA
4,Chicago,Male
5,Philadelphia,NA
6,Chicago,Female
7,San Jose,Male
8,Chicago,Male
9,Phoenix,NA
10,Los Angeles,Female
11,Chicago,Male
12,Dallas,NA
13,San Antonio,Male
14,Dallas,NA
15,Dallas,NA
16,Los Angeles,NA
17,Chicago,NA
18,San Antonio,Male
19,Houston,Female
20,San Antonio,Female
21,Philadelphia,Female
22,San Diego,NA
23,Houston,Male
24,Houston,NA
25,Chicago,Female
26,Phoenix,NA
27,Philadelphia,Female
28,New York,NA
29,New York,NA
30,Chicago,Female
31,Philadelphia,NA
32,San Diego,Female
33,Dallas,Male
34,San Diego,Female
35,San Diego,NA
36,Chicago,Male
37,San Diego,Female
38,Phoenix,Female
39,Phoenix,Female
40,Phoenix,Female
41,Chicago,NA
42,San Jose,Female
43,San Jose,Female
44,Houston,Female
45,Chicago,Male
46,San Jose,Female
47,Philadelphia,NA
48,Houston,Female
49,San Diego,Male
50,San Antonio,Male
51,Dallas,Female
52,Dallas,NA
53,Dallas,Male
54,Houston,Female
55,San Diego,NA
56,Los Angeles,Male
57,San Jose,NA
58,Chicago,Female
59,New York,NA
60,Houston,Male
61,Houston,Female
62,Philadelphia,Female
63,Dallas,Male
64,Phoenix,Female
65,San Antonio,Male
66,San Antonio,NA
67,San Antonio,Female
68,Houston,Female
69,Philadelphia,Male
70,New York,NA
71,Dallas,Female
72,San Diego,NA
73,New York,Female
74,New York,Male
75,Dallas,Female
76,Chicago,Female
77,Phoenix,Female
78,San Diego,Female
79,Houston,Female
80,Chicago,Female
81,San Diego,NA
82,San Antonio,Male
83,Chicago,Female
84,San Jose,Female
85,Houston,Female
86,Philadelphia,Female
87,Los Angeles,NA
88,San Jose,NA
89,San Jose,NA
90,New York,Female
91,Houston,NA
92,Phoenix,Male
93,Houston,NA
94,Phoenix,Male
95,Houston,Male
96,Philadelphia,Female
97,San Diego,Male
98,New York,NA
99,Chicago,Male
100,Phoenix,NA
101,Phoenix,Male
102,San Diego,Male
103,Los Angeles,NA
104,Dallas,Male
105,San Antonio,Female
106,Houston,Female
107,Phoenix,Female
108,Philadelphia,Female
109,Philadelphia,Male
110,San Jose,Male
111,Dallas,Female
112,Phoenix,Female
113,Houston,NA
114,San Jose,NA
115,Houston,NA
116,San Jose,Female
117,Los Angeles,NA
118,New York,NA
119,Houston,Male
120,San Jose,NA
121,Chicago,Male
122,Chicago,Male
123,San Antonio,Female
124,Houston,Male
125,Chicago,Male
126,San Diego,Male
127,Phoenix,Male
128,Los Angeles,NA
129,San Antonio,Male
130,Los Angeles,Female
131,Los Angeles,Male
132,New York,NA
133,New York,Male
134,Philadelphia,Male
135,San Antonio,NA
136,Phoenix,NA
137,San Diego,NA
138,San Jose,Male
139,Dallas,NA
140,San Jose,Female
141,Philadelphia,Female
142,Chicago,NA
143,Chicago,NA
144,Chicago,Male
145,Dallas,Male
146,Los Angeles,NA
147,San Antonio,Male
148,Phoenix,Male
149,Houston,Male
150,San Jose,Female
151,Chicago,Male
152,Philadelphia,NA
153,Chicago,NA
154,Los Angeles,Male
155,Philadelphia,NA
156,New York,NA
157,Phoenix,Male
158,Dallas,Male
159,Philadelphia,Female
160,New York,Male
161,Dallas,NA
162,Dallas,Male
163,San Jose,Female
164,San Diego,Female
165,Houston,Female
166,Los Angeles,NA
167,Dallas,NA
168,San Diego,NA
169,Phoenix,Female
170,Phoenix,Male
171,Philadelphia,Female
172,Dallas,NA
173,Los Angeles,NA
174,San Jose,NA
175,San Diego,NA
176,Philadelphia,Female
177,Los Angeles,NA
178,Houston,NA
179,Los Angeles,Male
180,Houston,Female
181,Dallas,NA
182,San Jose,NA
183,San Antonio,NA
184,Los Angeles,Male
185,San Jose,NA
186,Philadelphia,NA
187,Los Angeles,NA
188,Dallas,Female
189,San Diego,Female
190,Phoenix,Male
191,San Diego,Female
192,Philadelphia,NA
193,Phoenix,Female
194,San Diego,Female
195,Philadelphia,Female
196,Chicago,NA
197,Dallas,NA
198,New York,NA
199,Chicago,Male
200,San Antonio,Female
201,Phoenix,Female
202,San Jose,Female
203,Phoenix,NA
204,Chicago,NA
205,San Jose,NA
206,New York,Male
207,Dallas,Male
208,Chicago,Male
209,San Antonio,Female
210,San Jose,NA
211,Philadelphia,Female
212,Phoenix,Female
213,San Antonio,Female
214,Phoenix,NA
215,Houston,Female
216,Houston,Female
217,New York,NA
218,New York,Male
219,Dallas,Female
220,New York,NA
221,San Diego,Male
222,Dallas,Female
223,Dallas,NA
224,San Antonio,Male
225,Philadelphia,Male
226,Houston,NA
227,San Antonio,NA
228,Phoenix,Male
229,Houston,Female
230,New York,Female
231,Dallas,NA
232,New York,Female
233,New York,Male
234,San Jose,NA
235,New York,Male
236,Los Angeles,Male
237,Phoenix,Male
238,Chicago,NA
239,Dallas,Male
240,New York,Male
241,San Jose,Male
242,Chicago,NA
243,San Antonio,Male
244,Houston,NA
245,Houston,NA
246,Los Angeles,NA
247,Phoenix,Male
248,Philadelphia,Female
249,Chicago,Female
250,Chicago,Female
251,San Antonio,Male
252,Chicago,NA
253,Chicago,Male
254,Phoenix,Female
255,Philadelphia,Female
256,Los Angeles,Female
257,Houston,NA
258,Houston,Female
259,San Jose,Male
260,Los Angeles,NA
261,San Antonio,Male
262,New York,Female
263,San Diego,NA
264,Dallas,Female
265,Phoenix,Male
266,Chicago,Female
267,San Diego,NA
268,Houston,NA
269,Philadelphia,Female
270,Phoenix,NA
271,Chicago,Male
272,San Jose,Male
273,Los Angeles,Male
274,San Diego,NA
275,New York,NA
276,San Diego,Female
277,San Antonio,Male
278,San Jose,Female
279,Houston,Male
280,Philadelphia,Female
281,San Diego,Female
282,Chicago,Female
283,Philadelphia,Female
284,Philadelphia,NA
285,Dallas,NA
286,Houston,Male
287,Philadelphia,Female
288,Los Angeles,Male
289,Los Angeles,Female
290,San Antonio,Male
291,Houston,NA
292,Dallas,Female
293,New York,NA
294,Philadelphia,Female
295,San Antonio,Male
296,San Antonio,Male
297,San Diego,Male
298,New York,Female
299,Phoenix,Male
300,New York,Female
301,San Jose,NA
302,Chicago,NA
303,San Diego,NA
304,Phoenix,Male
305,New York,NA
306,Chicago,NA
307,New York,Male
308,Chicago,Female
309,Chicago,NA
310,Chicago,NA
311,San Jose,NA
312,Chicago,Male
313,Dallas,NA
314,New York,Male
315,San Jose,Male
316,San Jose,Male
317,Houston,NA
318,Chicago,NA
319,San Diego,NA
320,Phoenix,Female
321,Los Angeles,NA
322,San Antonio,NA
323,Chicago,NA
324,Phoenix,Male
325,Houston,Male
326,Chicago,NA
327,Houston,Male
328,Houston,NA
329,Los Angeles,Male
330,Houston,NA
331,San Antonio,Male
332,Phoenix,NA
333,Philadelphia,Male
334,Philadelphia,Female
335,Houston,Male
336,San Diego,NA
337,Chicago,Female
338,Phoenix,NA
339,Philadelphia,NA
340,Dallas,Female
341,San Jose,Female
342,San Antonio,NA
343,Phoenix,NA
344,Los Angeles,Female
345,Houston,NA
346,Phoenix,NA
347,Chicago,Female
348,Philadelphia,Male
349,San Jose,Male
350,San Jose,NA
351,New York,NA
352,Los Angeles,Male
353,San Antonio,NA
354,San Diego,NA
355,Houston,NA
356,San Diego,NA
357,Phoenix,NA
358,San Antonio,Male
359,Los Angeles,NA
360,San Jose,Male
361,San Diego,NA
362,San Diego,Male
363,Philadelphia,Female
364,San Diego,Female
365,Dallas,Female
366,San Antonio,NA
367,Dallas,Male
368,Dallas,NA
369,San Antonio,Female
370,New York,Male
371,San Antonio,Male
372,San Jose,NA
373,Houston,Female
374,Houston,Female
375,Philadelphia,NA
376,Dallas,Male
377,New York,NA
378,Los Angeles,Female
379,Phoenix,Female
380,San Jose,Female
381,Philadelphia,Male
382,Houston,Male
383,San Diego,Male
384,San Antonio,Female
385,Los Angeles,NA
386,Philadelphia,NA
387,San Jose,NA
388,San Antonio,Male
389,Phoenix,Female
390,Philadelphia,Male
391,San Diego,NA
392,Dallas,NA
393,Los Angeles,Female
394,Phoenix,Female
395,Houston,Female
396,New York,Female
397,Los Angeles,Male
398,New York,Female
399,Dallas,NA
400,San Jose,Female
401,Chicago,Female
402,San Jose,Female
403,Dallas,Female
404,Los Angeles,Female
405,San Antonio,Female
406,San Diego,Female
407,San Jose,Female
408,San Antonio,Female
409,Houston,NA
410,Philadelphia,Male
411,San Antonio,Female
412,Phoenix,Male
413,Houston,Male
414,San Antonio,NA
415,Phoenix,Female
416,Philadelphia,Male
417,New York,NA
418,New York,Female
419,Chicago,Male
420,San Diego,Male
421,Phoenix,NA
422,San Diego,NA
423,Dallas,NA
424,Chicago,Female
425,Philadelphia,NA
426,San Diego,Female
427,Dallas,Female
428,New York,NA
429,New York,NA
430,Los Angeles,Male
431,Dallas,NA
432,Dallas,Female
433,Chicago,Male
434,San Antonio,Male
435,San Diego,NA
436,San Diego,Male
437,Dallas,NA
438,New York,NA
439,Houston,Male
440,San Antonio,NA
441,Phoenix,Female
442,San Jose,NA
443,New York,NA
444,Los Angeles,Male
445,New York,Female
446,Chicago,NA
447,Houston,Female
448,San Antonio,Male
449,Chicago,Male
450,San Diego,Male
451,San Antonio,NA
452,Houston,Male
453,San Jose,NA
454,Phoenix,Male
455,San Jose,NA
456,San Jose,Female
457,San Diego,Female
458,Phoenix,NA
459,Chicago,Female
460,San Jose,Female
461,New York,NA
462,San Antonio,NA
463,San Jose,NA
464,Philadelphia,Male
465,San Antonio,Female
466,Phoenix,Female
467,Phoenix,Female
468,Houston,Female
469,Dallas,NA
470,Chicago,Male
471,San Diego,NA
472,Houston,Female
473,Phoenix,Female
474,San Jose,NA
475,San Jose,Male
476,San Diego,Female
477,Dallas,Female
478,Phoenix,NA
479,Philadelphia,NA
480,Phoenix,Male
481,New York,NA
482,Philadelphia,Male
483,Phoenix,NA
484,San Jose,Male
485,Houston,Female
486,San Antonio,Female
487,New York,Female
488,Los Angeles,Female
489,Houston,NA
490,Chicago,NA
491,San Jose,Female
492,Los Angeles,Female
493,San Antonio,Female
494,Los Angeles,Male
495,Philadelphia,NA
496,Dallas,Male
497,San Diego,NA
498,Chicago,Male
499,San Antonio,Female
500,San Antonio,NA
