product_id,product_name,product_price,cost_of_goods_sold,product_size
1,Product_1,12.232473503253484,10,Small
2,Product_2,14.068431610910489,11,Small
3,Product_3,14.219111379524456,11,Small
4,Product_4,14.059854875307408,11,Small
5,Product_5,13.848771084494906,11,Small
6,Product_6,13.549810210636615,11,Small
7,Product_7,15.56607814699617,12,Small
8,Product_8,14.546640118028332,12,Small
9,Product_9,15.059092443060543,12,Small
10,Product_10,15.510143958825212,12,Small
11,Product_11,15.014174653948931,12,Small
12,Product_12,15.156408632406437,12,Small
13,Product_13,16.506010073395558,13,Small
14,Product_14,16.632004127808816,13,Small
15,Product_15,16.8655241165883,13,Small
16,Product_16,16.182116472625346,13,Small
17,Product_17,16.767041715841316,13,Small
18,Product_18,16.84954438385217,14,Small
19,Product_19,16.81720196990937,14,Small
20,Product_20,17.322783834423532,14,Small
21,Product_21,17.827614311516054,14,Small
22,Product_22,18.062481934916406,15,Small
23,Product_23,19.461374022989357,15,Small
24,Product_24,19.35627785478845,16,Small
25,Product_25,19.690511682354714,16,Small
26,Product_26,20.609191887853058,17,Small
27,Product_27,20.684001694631114,17,Small
28,Product_28,20.61663124297637,17,Small
29,Product_29,21.976570404795112,17,Small
30,Product_30,22.511824531383514,18,Small
31,Product_31,23.222433626994807,18,Small
32,Product_32,24.236589619284977,19,Small
33,Product_33,23.458106440971903,19,Small
34,Product_34,26.370669407048403,19,Medium
35,Product_35,26.459246521293842,20,Medium
36,Product_36,27.681795749965925,20,Medium
37,Product_37,26.287008207128693,20,Medium
38,Product_38,26.429229646561247,20,Medium
39,Product_39,27.54256024878669,20,Medium
40,Product_40,26.52185042929684,20,Medium
41,Product_41,27.265927362867384,20,Medium
42,Product_42,27.544281119282424,20,Medium
43,Product_43,28.64907815757364,21,Medium
44,Product_44,28.25310781194623,21,Medium
45,Product_45,27.566540895230307,21,Medium
46,Product_46,27.481615914932537,21,Medium
47,Product_47,30.025725275252192,22,Medium
48,Product_48,29.225510690545438,22,Medium
49,Product_49,28.60502428877663,22,Medium
50,Product_50,31.93725153175952,24,Medium
51,Product_51,32.756982222591006,24,Medium
52,Product_52,32.63497751731206,25,Medium
53,Product_53,33.96172497711092,25,Medium
54,Product_54,34.163888715336114,26,Medium
55,Product_55,35.02204054645108,26,Medium
56,Product_56,35.122946478382566,27,Medium
57,Product_57,37.721331624715006,27,Medium
58,Product_58,36.64005723215496,27,Medium
59,Product_59,35.49436920510922,27,Medium
60,Product_60,38.61365874765898,28,Medium
61,Product_61,38.902905734841326,28,Medium
62,Product_62,38.07031280218635,28,Medium
63,Product_63,37.92434175104049,28,Medium
64,Product_64,36.9920950621402,28,Medium
65,Product_65,39.66158753623148,29,Medium
66,Product_66,39.67752523904824,29,Medium
67,Product_67,43.21030801288288,30,Large
68,Product_68,42.40593333104695,30,Large
69,Product_69,45.7242735596907,31,Large
70,Product_70,44.509188921152194,31,Large
71,Product_71,44.463189313469414,31,Large
72,Product_72,45.35526109046402,31,Large
73,Product_73,47.708955643860214,32,Large
74,Product_74,45.70900043565699,32,Large
75,Product_75,46.77589421100082,32,Large
76,Product_76,48.70663672948722,33,Large
77,Product_77,47.979463095649784,33,Large
78,Product_78,49.14613995949286,33,Large
79,Product_79,49.2942341216028,33,Large
80,Product_80,46.86299371415072,33,Large
81,Product_81,48.966429872803786,34,Large
82,Product_82,49.31187442519971,34,Large
83,Product_83,50.30657902183237,35,Large
84,Product_84,49.71874178370699,35,Large
85,Product_85,51.19274855769939,35,Large
86,Product_86,51.036980511611226,35,Large
87,Product_87,52.73282976387334,36,Large
88,Product_88,53.32084463064837,36,Large
89,Product_89,51.7110383142693,36,Large
90,Product_90,52.247206796446484,37,Large
91,Product_91,55.84471643601905,38,Large
92,Product_92,54.90696864489231,39,Large
93,Product_93,57.539666860711606,39,Large
94,Product_94,57.678216109855754,39,Large
95,Product_95,58.43344110453524,39,Large
96,Product_96,57.16028620264912,39,Large
97,Product_97,56.167505126612326,40,Large
98,Product_98,57.81822373466429,40,Large
99,Product_99,56.17849824189135,40,Large
100,Product_100,57.593766591390015,40,Large
